,index,policy,item_util,max_envy,imp_in_item_util
0,0,Max,0.0,0.5,0.0
1,1,Max,0.0,0.5,0.0
2,2,Max,0.0,0.5,0.0
3,3,Max,0.5,0.0,23.0
4,4,Max,0.0,0.5,0.0
5,5,Max,0.0,0.5,0.0
6,6,Max,0.0,0.5,0.0
7,7,Max,0.0,0.5,0.0
8,8,Max,0.0,0.5,0.0
9,9,Max,0.0,1.0,0.0
10,10,Max,0.0,0.5,0.0
11,11,Max,0.0,0.5,0.0
12,12,Max,0.0,0.5,0.0
13,13,Max,0.0,0.5,0.0
14,14,Max,0.0,0.5,0.0
15,15,Max,0.0,0.5,0.0
16,16,Max,0.0,0.5,0.0
17,17,Max,0.0,0.5,0.0
18,18,Max,0.0,1.0,0.0
19,19,Max,0.0,0.5,0.0
20,20,Max,0.0,0.5,0.0
21,21,Max,0.0,0.5,0.0
22,22,Max,0.0,0.5,0.0
23,0,Expo-Fair,8.049609147504832e-05,0.09512052866498961,0.0037028202078522227
24,1,Expo-Fair,0.07804551204242491,0.05261138295524784,3.590093553951546
25,2,Expo-Fair,8.049609147504832e-05,0.09512052866498961,0.0037028202078522227
26,3,Expo-Fair,0.13065689499767275,0.0,6.010217169892947
27,4,Expo-Fair,0.08111726131728253,0.049539633680390216,3.7313940205949963
28,5,Expo-Fair,0.031156748069803078,0.06404427668666159,1.4332104112109416
29,6,Expo-Fair,0.09520102475646466,0.0,4.379247138797375
30,7,Expo-Fair,0.0,0.13065689499767275,0.0
31,8,Expo-Fair,0.001039881905390614,0.09416114285107405,0.04783456764796824
32,9,Expo-Fair,0.07956350155565212,0.07942429528275421,1.8299605357799986
33,10,Expo-Fair,0.0752218658959855,0.05543502910168724,3.460205831215333
34,11,Expo-Fair,0.0,0.13065689499767275,0.0
35,12,Expo-Fair,0.0,0.09520102475646466,0.0
36,13,Expo-Fair,0.0,0.09520102475646466,0.0
37,14,Expo-Fair,0.05344262567682615,0.0772142693208466,2.458360781134003
38,15,Expo-Fair,0.0,0.13065689499767275,0.0
39,16,Expo-Fair,0.0,0.09520102475646466,0.0
40,17,Expo-Fair,0.0,0.13065689499767275,0.0
41,18,Expo-Fair,0.024731666578941974,0.13425613025946437,0.5688283313156655
42,19,Expo-Fair,0.0,0.13065689499767275,0.0
43,20,Expo-Fair,8.049609147504832e-05,0.09512052866498961,0.0037028202078522227
44,21,Expo-Fair,7.750485722591736e-08,0.09520094725160744,3.5652234323921988e-06
45,22,Expo-Fair,0.0,0.09520102475646466,0.0
46,0,NSW (1.0),3.862846749035014e-05,0.09523493473442002,0.0017769095045561064
47,1,NSW (1.0),0.07804783472885744,0.05365373996916102,3.5902003975274424
48,2,NSW (1.0),3.862846749035014e-05,0.09523493473442002,0.0017769095045561064
49,3,NSW (1.0),0.13170157469801846,0.0,6.058272436108849
50,4,NSW (1.0),0.08111708072035065,0.050584493977667816,3.73138571313613
51,5,NSW (1.0),0.03128953134263245,0.06398403185927792,1.439318441761093
52,6,NSW (1.0),0.09527356320191037,0.0,4.382583907287877
53,7,NSW (1.0),3.823349624747156e-05,0.131663341201771,0.001758740827383692
54,8,NSW (1.0),4.626287630149958e-05,0.09522730032560887,0.0021280923098689806
55,9,NSW (1.0),0.07961124226088383,0.07938545748565363,1.831058572000328
56,10,NSW (1.0),0.07522639237881382,0.05647518231920465,3.460414049425436
57,11,NSW (1.0),3.8577936946839186e-05,0.13166299676107163,0.0017745850995546026
58,12,NSW (1.0),3.8873375163161115e-05,0.09523468982674721,0.0017881752575054114
59,13,NSW (1.0),3.8873375163161115e-05,0.09523468982674721,0.0017881752575054114
60,14,NSW (1.0),0.053473202520966094,0.07822837217705236,2.45976731596444
61,15,NSW (1.0),3.859438609120087e-05,0.13166298031192727,0.00177534176019524
62,16,NSW (1.0),3.8873375163161115e-05,0.09523468982674721,0.0017881752575054114
63,17,NSW (1.0),2.9341760195645175e-05,0.13167223293782282,0.001349720968999678
64,18,NSW (1.0),0.024965131809907115,0.13403156793663035,0.5741980316278636
65,19,NSW (1.0),3.813214874369788e-05,0.13166344254927476,0.0017540788422101025
66,20,NSW (1.0),3.862846749035014e-05,0.09523493473442002,0.0017769095045561064
67,21,NSW (1.0),3.855773056816605e-05,0.0952350054713422,0.0017736556061356385
68,22,NSW (1.0),3.887337515711989e-05,0.09523468982675325,0.001788175257227515
69,0,NSW (0.0),5.193018396984721e-06,0.05948121315980712,0.00023887884626129716
70,1,NSW (0.0),0.03913813066942132,0.036925155124726966,1.8003540107933806
71,2,NSW (0.0),5.193018396984721e-06,0.05948121315980712,0.00023887884626129716
72,3,NSW (0.0),0.0,0.07606328579414828,0.0
73,4,NSW (0.0),0.03913807638343838,0.036925209410709904,1.8003515136381656
74,5,NSW (0.0),0.048931102681289196,0.010555303496914907,2.2508307233393032
75,6,NSW (0.0),0.048919506967440254,0.010566899210763848,2.2502973205022516
76,7,NSW (0.0),2.9782044964265505e-06,0.07606030758965186,0.00013699740683562132
77,8,NSW (0.0),0.0594864061782041,0.0,2.7363746841973886
78,9,NSW (0.0),0.03914211051397419,0.03692558437341863,0.9002685418214064
79,10,NSW (0.0),0.03913830083827643,0.036924984955871855,1.8003618385607159
80,11,NSW (0.0),3.0224242022526466e-06,0.07606026336994604,0.00013903151330362174
81,12,NSW (0.0),4.409093244534612e-06,0.05948199708495957,0.00020281828924859215
82,13,NSW (0.0),4.409093244534612e-06,0.05948199708495957,0.00020281828924859215
83,14,NSW (0.0),0.0391398721717054,0.036923413622442884,1.8004341198984484
84,15,NSW (0.0),3.024641987787228e-06,0.0760602611521605,0.0001391335314382125
85,16,NSW (0.0),4.409093244534612e-06,0.05948199708495957,0.00020281828924859215
86,17,NSW (0.0),1.8291651134667801e-06,0.07606145662903481,8.414159521947189e-05
87,18,NSW (0.0),0.04894264247231183,0.027125052415080987,1.125680776863172
88,19,NSW (0.0),2.9628299702888716e-06,0.076060322964178,0.0001362901786332881
89,20,NSW (0.0),5.193018396984721e-06,0.05948121315980712,0.00023887884626129716
90,21,NSW (0.0),4.874064803147197e-06,0.05948153211340096,0.0002242069809447711
91,22,NSW (0.0),4.40909326716292e-06,0.05948199708493694,0.00020281829028949433
92,0,Max,0.0,0.5,0.0
93,1,Max,0.0,0.5,0.0
94,2,Max,0.0,0.5,0.0
95,3,Max,0.0,0.5,0.0
96,4,Max,0.0,0.5,0.0
97,5,Max,0.0,0.5,0.0
98,6,Max,0.0,0.5,0.0
99,7,Max,0.0,0.5,0.0
100,8,Max,0.0,1.0,0.0
101,9,Max,0.0,0.5,0.0
102,10,Max,0.0,0.5,0.0
103,11,Max,0.0,1.0,0.0
104,12,Max,0.0,1.0,0.0
105,13,Max,0.0,0.5,0.0
106,14,Max,0.0,0.5,0.0
107,15,Max,0.0,0.5,0.0
108,16,Max,0.0,0.5,0.0
109,17,Max,0.5,0.0,18.0
110,0,Expo-Fair,0.00628402515525105,0.2788917454263659,0.22622490558903782
111,1,Expo-Fair,0.0,0.3660777035738297,0.0
112,2,Expo-Fair,0.004152149552732589,0.2810236210288844,0.1494773838983732
113,3,Expo-Fair,0.00414973817731204,0.3619279653965176,0.14939057438323344
114,4,Expo-Fair,0.0,0.3660777035738297,0.0
115,5,Expo-Fair,0.004266607169942557,0.36181109640388714,0.15359785811793206
116,6,Expo-Fair,3.78317235258529e-06,0.28517198740926436,0.00013619420469307045
117,7,Expo-Fair,0.003530521668364277,0.3625471819054654,0.127098780061114
118,8,Expo-Fair,0.00021667079343306697,0.5510189402261922,0.0039000742817952056
119,9,Expo-Fair,0.0,0.3660777035738297,0.0
120,10,Expo-Fair,0.005266115570154179,0.2799096550114628,0.18958016052555046
121,11,Expo-Fair,0.029908213385717967,0.5213273976339073,0.5383478409429234
122,12,Expo-Fair,0.0049068186851068405,0.5463287923345184,0.08832273633192313
123,13,Expo-Fair,0.0012747489605152925,0.2839010216211017,0.045890962578550534
124,14,Expo-Fair,0.009410134976787622,0.27576563560482936,0.3387648591643544
125,15,Expo-Fair,0.0,0.3660777035738297,0.0
126,16,Expo-Fair,0.0,0.3660777035738297,0.0
127,17,Expo-Fair,0.3660777035738297,0.0,13.17879732865787
128,0,NSW (1.0),0.008390541167126737,0.2775157151653536,0.3020594820165626
129,1,NSW (1.0),4.392672204259155e-06,0.3725754172331497,0.00015813619935332957
130,2,NSW (1.0),7.860101478368143e-06,0.285898396231002,0.00028296365322125314
131,3,NSW (1.0),7.058768439326657e-06,0.3725727511369146,0.00025411566381575965
132,4,NSW (1.0),4.324484612530393e-06,0.3725754854207414,0.00015568144605109416
133,5,NSW (1.0),7.365526070745056e-06,0.3725724443792832,0.00026515893854682206
134,6,NSW (1.0),5.051082277690301e-06,0.2859012052502027,0.00018183896199685086
135,7,NSW (1.0),6.6272803984418025e-06,0.3725731826249555,0.0002385820943439049
136,8,NSW (1.0),9.383145817462524e-06,0.5511845442396301,0.00016889662471432544
137,9,NSW (1.0),4.621586565235706e-06,0.3725751883187887,0.00016637711634848542
138,10,NSW (1.0),0.015582720161564298,0.27032353617091603,0.5609779258163148
139,11,NSW (1.0),0.030085250476734854,0.5211086769087128,0.5415345085812274
140,12,NSW (1.0),0.010132241098669798,0.5410616862867778,0.1823803397760564
141,13,NSW (1.0),5.403724209916499e-06,0.2859008526082704,0.00019453407155699395
142,14,NSW (1.0),0.011416865589748202,0.27448939074273215,0.4110071612309353
143,15,NSW (1.0),4.44953366331688e-06,0.37257536037169064,0.0001601832118794077
144,16,NSW (1.0),4.022020809676999e-06,0.37257578788454426,0.00014479274914837198
145,17,NSW (1.0),0.37257980990535394,0.0,13.412873156592743
146,0,NSW (0.0),0.08504181607243648,0.03463955717861816,3.0615053786077135
147,1,NSW (0.0),2.765961975067424e-05,0.10881176364589265,0.0009957463110242726
148,2,NSW (0.0),0.11968137325105464,0.0,4.308529437037968
149,3,NSW (0.0),0.10184287088174272,0.006996552383900609,3.6663433517427384
150,4,NSW (0.0),2.622749712599606e-05,0.10881319576851733,0.0009441898965358583
151,5,NSW (0.0),0.09343717667366683,0.015402246591976504,3.363738360252006
152,6,NSW (0.0),3.4660314685108866e-05,0.11964671293636954,0.0012477713286639192
153,7,NSW (0.0),0.10883942326564333,0.0,3.91821923756316
154,8,NSW (0.0),6.154001420252626e-05,0.11964267989884232,0.0011077202556454729
155,9,NSW (0.0),3.0402140786301848e-05,0.10880902112485703,0.0010944770683068666
156,10,NSW (0.0),0.10854415160017358,0.01113722165088106,3.907589457606249
157,11,NSW (0.0),0.05459352627440746,0.06511069363863739,0.9826834729393343
158,12,NSW (0.0),0.08756306354138031,0.03214115637166454,1.5761351437448456
159,13,NSW (0.0),3.952996199012436e-05,0.11964184328906452,0.001423078631644477
160,14,NSW (0.0),0.07002835206864899,0.04965302118240565,2.5210206744713637
161,15,NSW (0.0),2.8297167785109052e-05,0.10881112609785822,0.001018698040263926
162,16,NSW (0.0),2.3810392525592576e-05,0.10881561287311774,0.0008571741309213328
163,17,NSW (0.0),0.0,0.10883942326564333,0.0
164,0,Max,0.0,0.5,0.0
165,1,Max,0.0,0.5,0.0
166,2,Max,0.0,1.0,0.0
167,3,Max,0.0,0.5,0.0
168,4,Max,0.0,0.5,0.0
169,5,Max,0.0,0.5,0.0
170,6,Max,0.0,0.5,0.0
171,7,Max,0.0,1.0,0.0
172,8,Max,0.0,0.5,0.0
173,9,Max,0.0,0.5,0.0
174,10,Max,0.0,0.5,0.0
175,11,Max,0.0,0.5,0.0
176,12,Max,0.0,1.0,0.0
177,13,Max,0.0,0.5,0.0
178,14,Max,0.0,0.5,0.0
179,15,Max,0.0,0.5,0.0
180,16,Max,0.0,0.5,0.0
181,17,Max,1.0,0.0,23.0
182,18,Max,0.0,0.5,0.0
183,19,Max,0.0,0.5,0.0
184,20,Max,0.0,0.5,0.0
185,21,Max,0.0,0.5,0.0
186,22,Max,0.0,0.5,0.0
187,0,Expo-Fair,0.00040025272324173937,0.38900396781931623,0.018411625269120012
188,1,Expo-Fair,0.0,0.22522035241054636,0.0
189,2,Expo-Fair,0.00810340440812007,0.3813008161344379,0.18637830138676162
190,3,Expo-Fair,0.005461593479165722,0.3839426270633922,0.2512333000416232
191,4,Expo-Fair,0.00509029880480481,0.22013005360574156,0.23415374502102124
192,5,Expo-Fair,0.0,0.22522035241054636,0.0
193,6,Expo-Fair,0.00020880263728636586,0.3891954179052716,0.00960492131517283
194,7,Expo-Fair,0.00045154520154371566,0.38895267534101424,0.01038553963550546
195,8,Expo-Fair,0.0,0.22522035241054636,0.0
196,9,Expo-Fair,0.0,0.22522035241054636,0.0
197,10,Expo-Fair,0.008723548106756412,0.38068067243580156,0.401283212910795
198,11,Expo-Fair,0.0001914642408844673,0.3892127563016735,0.008807355080685496
199,12,Expo-Fair,0.19683332697811343,0.19257089356444454,4.527166520496609
200,13,Expo-Fair,0.0008713386240076449,0.2243490137865387,0.04008157670435167
201,14,Expo-Fair,0.02035714284398653,0.3690470776985714,0.9364285708233805
202,15,Expo-Fair,0.00046838761463367074,0.3889358329279243,0.021545830273148856
203,16,Expo-Fair,0.0,0.22522035241054636,0.0
204,17,Expo-Fair,0.38940422054255797,0.0,8.956297072478833
205,18,Expo-Fair,0.0,0.22522035241054636,0.0
206,19,Expo-Fair,0.0005812115058214878,0.3888230090367365,0.026735729267788437
207,20,Expo-Fair,0.07025172722843856,0.1549686251821078,3.231579452508174
208,21,Expo-Fair,0.0008713386240076449,0.2243490137865387,0.04008157670435167
209,22,Expo-Fair,0.22522035241054636,0.0,10.360136210885132
210,0,NSW (1.0),7.195377404926255e-06,0.39879311278483015,0.0003309873606266077
211,1,NSW (1.0),7.484678653179469e-06,0.2200819458352717,0.0003442952180462556
212,2,NSW (1.0),0.01098741297775181,0.3878146164606714,0.25271049848829163
213,3,NSW (1.0),1.3930190095084024e-05,0.39878637797213995,0.0006407887443738652
214,4,NSW (1.0),1.754188343136118e-05,0.2200718886304935,0.0008069266378426144
215,5,NSW (1.0),1.1672016053418132e-06,0.22008826331231954,5.3691273845723405e-05
216,6,NSW (1.0),7.151370700750877e-06,0.3987931567915343,0.00032896305223454036
217,7,NSW (1.0),1.480979209148178e-05,0.3987872196463317,0.00034062521810408096
218,8,NSW (1.0),7.49023264118823e-06,0.2200819402812837,0.0003445507014946586
219,9,NSW (1.0),7.484678653179469e-06,0.2200819458352717,0.0003442952180462556
220,10,NSW (1.0),0.011118664068280158,0.3876816440939549,0.5114585471408872
221,11,NSW (1.0),7.148629873693331e-06,0.3987931595323614,0.00032883697418989324
222,12,NSW (1.0),0.19234995481487568,0.2064520746235475,4.424048960742141
223,13,NSW (1.0),0.006238421124221132,0.21385100938970375,0.2869673717141721
224,14,NSW (1.0),0.01638385779969918,0.38241645036253585,0.7536574587861623
225,15,NSW (1.0),7.240874694365278e-06,0.39879306728754066,0.0003330802359408028
226,16,NSW (1.0),7.515363903217492e-06,0.22008191515002165,0.00034570673954800464
227,17,NSW (1.0),0.3988020294384232,0.0,9.172446677083734
228,18,NSW (1.0),3.1561399192286784e-06,0.22008627437400566,0.00014518243628451922
229,19,NSW (1.0),7.289835931394891e-06,0.39879301832630365,0.000335332452844165
230,20,NSW (1.0),0.06869109760428706,0.15139833290963783,3.1597904897972047
231,21,NSW (1.0),0.006238421124221132,0.21385100938970375,0.2869673717141721
232,22,NSW (1.0),0.22008943051392488,0.0,10.124113803640544
233,0,NSW (0.0),9.298104585892374e-05,0.21943670712785096,0.004277128109510492
234,1,NSW (0.0),8.244271580266472e-05,0.11392696863515327,0.003792364926922577
235,2,NSW (0.0),0.07575807344574433,0.14377601536406315,1.7424356892521196
236,3,NSW (0.0),0.21952968817370988,0.0,10.098365655990655
237,4,NSW (0.0),0.11400941135095594,0.0,5.244432922143973
238,5,NSW (0.0),0.06865467800754534,0.0453547333434106,3.1581151883470855
239,6,NSW (0.0),9.268672134421311e-05,0.21943700145236567,0.004263589181833803
240,7,NSW (0.0),0.00017655816088194684,0.21935753064892555,0.0040608377002847775
241,8,NSW (0.0),8.246278538220588e-05,0.11392694856557373,0.0037932881275814707
242,9,NSW (0.0),8.244271580266472e-05,0.11392696863515327,0.003792364926922577
243,10,NSW (0.0),0.06925804975167257,0.1502716384220373,3.1858702885769383
244,11,NSW (0.0),9.267699047525501e-05,0.21943701118323464,0.0042631415618617306
245,12,NSW (0.0),0.046492835347108075,0.1730412534626994,1.0693352129834857
246,13,NSW (0.0),0.05874768310841152,0.05526172824254442,2.7023934229869297
247,14,NSW (0.0),1.3756282158446013e-05,0.21951593189155144,0.0006327889792885166
248,15,NSW (0.0),9.332826845774876e-05,0.21943635990525212,0.004293100349056443
249,16,NSW (0.0),8.284473752475987e-05,0.11392656661343117,0.003810857926138954
250,17,NSW (0.0),0.04105968864556895,0.17847440016423854,0.9443728388480859
251,18,NSW (0.0),2.6417469978428768e-05,0.1139829938809775,0.0012152036190077233
252,19,NSW (0.0),9.355858784563793e-05,0.21943612958586425,0.004303695040899345
253,20,NSW (0.0),0.04681707879669462,0.06719233255426132,2.1535856246479526
254,21,NSW (0.0),0.05874768310841152,0.05526172824254442,2.7023934229869297
255,22,NSW (0.0),0.04647036190302198,0.06753904944793396,2.137636647539011
256,0,Max,0.0,0.5,0.0
257,1,Max,0.0,0.5,0.0
258,2,Max,0.0,0.5,0.0
259,3,Max,0.0,0.5,0.0
260,4,Max,0.5,0.0,23.0
261,5,Max,0.0,0.5,0.0
262,6,Max,0.0,0.5,0.0
263,7,Max,0.0,0.5,0.0
264,8,Max,0.0,0.5,0.0
265,9,Max,0.0,0.5,0.0
266,10,Max,0.0,0.5,0.0
267,11,Max,0.0,0.5,0.0
268,12,Max,0.0,0.5,0.0
269,13,Max,0.0,0.5,0.0
270,14,Max,0.0,0.5,0.0
271,15,Max,0.0,0.5,0.0
272,16,Max,0.0,0.5,0.0
273,17,Max,0.0,0.5,0.0
274,18,Max,0.0,0.5,0.0
275,19,Max,0.0,0.5,0.0
276,20,Max,0.5,0.0,11.5
277,21,Max,0.0,0.5,0.0
278,22,Max,0.0,0.5,0.0
279,0,Expo-Fair,0.039804351833306134,0.2757900557517803,1.8310001843320822
280,1,Expo-Fair,0.00935372692175678,0.3062418670041249,0.21513571920040594
281,2,Expo-Fair,0.00247401911075997,0.27118543786418864,0.11380487909495861
282,3,Expo-Fair,0.003478629960983786,0.2701808270139648,0.16001697820525415
283,4,Expo-Fair,0.2736594569749486,0.0,12.588335020847635
284,5,Expo-Fair,0.0,0.3155944075850864,0.0
285,6,Expo-Fair,0.0,0.3155944075850864,0.0
286,7,Expo-Fair,0.0,0.3155944075850864,0.0
287,8,Expo-Fair,0.007259746662073611,0.26639971031287496,0.3339483464553861
288,9,Expo-Fair,0.0,0.3155944075850864,0.0
289,10,Expo-Fair,0.0031999340300270713,0.27045952294492154,0.14719696538124527
290,11,Expo-Fair,0.0,0.3155944075850864,0.0
291,12,Expo-Fair,0.0033696923411737374,0.27028976463377485,0.15500584769399192
292,13,Expo-Fair,0.0,0.3155944075850864,0.0
293,14,Expo-Fair,0.0019038704307929723,0.2717555865441556,0.08757803981647673
294,15,Expo-Fair,0.14462634241936784,0.17096925150651388,3.3264058756454604
295,16,Expo-Fair,0.009435671731301857,0.26422378524364676,0.43404089963988546
296,17,Expo-Fair,0.0071603799683555725,0.26649907700659303,0.32937747854435634
297,18,Expo-Fair,0.0024603011778667,0.27119915579708187,0.1131738541818682
298,19,Expo-Fair,0.0,0.3155944075850864,0.0
299,20,Expo-Fair,0.3155955939258817,0.0,7.25869866029528
300,21,Expo-Fair,0.017548049528932567,0.256111407446016,0.8072102783308981
301,22,Expo-Fair,0.0,0.3155944075850864,0.0
302,0,NSW (1.0),0.05344171358682859,0.21943655313520544,2.458318824994115
303,1,NSW (1.0),0.011523118423755911,0.3130629562845995,0.26503172374638595
304,2,NSW (1.0),1.004567556995173e-05,0.32456274529979856,0.0004621010762177796
305,3,NSW (1.0),8.386644799122323e-06,0.3245644043305694,0.0003857856607596269
306,4,NSW (1.0),0.3245727909753685,0.0,14.930348384866951
307,5,NSW (1.0),1.5144209173570445e-05,0.27286312251286043,0.0006966336219842405
308,6,NSW (1.0),1.357458321954115e-05,0.2728646921388145,0.000624430828098893
309,7,NSW (1.0),1.1991560766031804e-05,0.272866275161268,0.000551611795237463
310,8,NSW (1.0),7.800816607484009e-06,0.324564990158761,0.0003588375639442644
311,9,NSW (1.0),1.3253866310164206e-05,0.27286501285572384,0.0006096778502675535
312,10,NSW (1.0),8.230363962934794e-06,0.3245645606114056,0.0003785967422950005
313,11,NSW (1.0),1.1522710534410327e-05,0.27286674401149963,0.000530044684582875
314,12,NSW (1.0),7.812170695375509e-06,0.3245649788046731,0.0003593598519872734
315,13,NSW (1.0),1.346521085805632e-05,0.272864801511176,0.0006193996994705908
316,14,NSW (1.0),7.805692437615288e-06,0.3245649852829309,0.00035906185213030326
317,15,NSW (1.0),0.12507550274399956,0.19951057196435587,2.87673656311199
318,16,NSW (1.0),7.643522196688783e-06,0.32456514745317183,0.000351602021047684
319,17,NSW (1.0),1.4485270455923222e-05,0.32455830570491256,0.0006663224409724682
320,18,NSW (1.0),1.0255336674624243e-05,0.32456253563869386,0.0004717454870327152
321,19,NSW (1.0),9.702962177890828e-06,0.27286856375985613,0.0004463362601829781
322,20,NSW (1.0),0.27288090724905484,0.051705167459300594,6.276260866728261
323,21,NSW (1.0),0.022158027148805014,0.3024147638265635,1.0192692488450306
324,22,NSW (1.0),1.4318635137104112e-05,0.2728639480868969,0.0006586572163067892
325,0,NSW (0.0),0.04250717954007905,0.02117985268413982,1.9553302588436363
326,1,NSW (0.0),0.04461763273530528,0.024134640247853778,1.0262055529120215
327,2,NSW (0.0),0.06110685828056626,0.007636909224076123,2.810915480906048
328,3,NSW (0.0),3.738453790132931e-06,0.06874002905085225,0.00017196887434611484
329,4,NSW (0.0),0.04457646685760789,0.02416730064703449,2.050517475449963
330,5,NSW (0.0),1.3212786790242072e-05,0.06367381943742863,0.0006077881923511353
331,6,NSW (0.0),8.56165575048917e-06,0.06367847056846838,0.00039383616452250185
332,7,NSW (0.0),7.537949295370812e-06,0.0636794942749235,0.00034674566758705733
333,8,NSW (0.0),5.012320043659119e-06,0.06873875518459872,0.00023056672200831948
334,9,NSW (0.0),8.35942579912097e-06,0.06367867279841975,0.00038453358675956465
335,10,NSW (0.0),3.992274237488131e-06,0.06873977523040489,0.00018364461492445403
336,11,NSW (0.0),7.2505075443514066e-06,0.06367978171667452,0.00033352334704016474
337,12,NSW (0.0),4.9913850237081676e-06,0.06873877611961868,0.0002296037110905757
338,13,NSW (0.0),8.488905019036183e-06,0.06367854331919984,0.0003904896308756644
339,14,NSW (0.0),5.029277670189363e-06,0.06873873822697218,0.0002313467728287107
340,15,NSW (0.0),0.04246689447432193,0.02628537850883713,0.9767385729094044
341,16,NSW (0.0),4.913021840060832e-06,0.06873885448280231,0.00022599900464279827
342,17,NSW (0.0),0.0,0.06874376750464238,0.0
343,18,NSW (0.0),0.06874376750464238,0.0,3.1622133052135495
344,19,NSW (0.0),6.065504086784958e-06,0.06368096672013208,0.00027901318799210804
345,20,NSW (0.0),0.04245624655175762,0.026296026431401436,0.9764936706904254
346,21,NSW (0.0),0.045438995010824434,0.023304772493817946,2.090193770497924
347,22,NSW (0.0),9.9065830648901e-06,0.06367712564115398,0.0004557028209849446
348,0,Max,0.0,0.5,0.0
349,1,Max,0.0,0.5,0.0
350,2,Max,0.0,0.5,0.0
351,3,Max,0.0,0.5,0.0
352,4,Max,0.0,0.5,0.0
353,5,Max,0.0,0.5,0.0
354,6,Max,0.0,0.5,0.0
355,7,Max,0.0,0.5,0.0
356,8,Max,0.0,0.5,0.0
357,9,Max,0.0,0.5,0.0
358,10,Max,0.0,0.5,0.0
359,11,Max,0.0,0.5,0.0
360,12,Max,0.0,0.5,0.0
361,13,Max,0.0,0.5,0.0
362,14,Max,0.0,0.5,0.0
363,15,Max,0.0,0.5,0.0
364,0,Expo-Fair,0.009308383544690666,0.21297013393108846,0.2978682734301013
365,1,Expo-Fair,1.8351394926410105e-06,0.22773938107140984,5.8724463764512337e-05
366,2,Expo-Fair,0.0011415674169307935,0.22659964879397168,0.018265078670892696
367,3,Expo-Fair,0.0,0.22227851747577912,0.0
368,4,Expo-Fair,0.009310218684183308,0.21843099752671918,0.14896349894693292
369,5,Expo-Fair,0.0,0.22227851747577912,0.0
370,6,Expo-Fair,0.011706188925399204,0.21603502728550328,0.37459804561277454
371,7,Expo-Fair,0.0,0.22227851747577912,0.0
372,8,Expo-Fair,0.0017820307174025369,0.22049648675837658,0.05702498295688118
373,9,Expo-Fair,0.0012376337747700267,0.2210408837010091,0.039604280792640854
374,10,Expo-Fair,1.7970367518175184e-06,0.22773941917415066,5.750517605816059e-05
375,11,Expo-Fair,1.7956597729359422e-06,0.22773942055112956,5.746111273395015e-05
376,12,Expo-Fair,0.034827091526354825,0.19291412468454766,1.1144669288433544
377,13,Expo-Fair,0.018405182361731047,0.20387333511404807,0.5889658355753935
378,14,Expo-Fair,1.6381613792817981e-06,0.22773957804952322,5.242116413701754e-05
379,15,Expo-Fair,0.08546303505362818,0.1422781811572743,2.7348171217161017
380,0,NSW (1.0),3.1109406808006134e-07,0.2544491919458846,9.955010178561963e-06
381,1,NSW (1.0),0.009412328548601263,0.19277208475791405,0.3011945135552404
382,2,NSW (1.0),4.616207953476407e-06,0.25444700212122495,7.385932725562252e-05
383,3,NSW (1.0),1.3139195151447475e-06,0.25444818912043754,4.204542448463192e-05
384,4,NSW (1.0),0.009412639642669344,0.24503897868650912,0.1506022342827095
385,5,NSW (1.0),1.6331629716082445e-06,0.2544478698769811,5.2261215091463825e-05
386,6,NSW (1.0),0.021585463500293774,0.18059894980622154,0.6907348320094008
387,7,NSW (1.0),1.5791650842517494e-06,0.2544479238748684,5.053328269605598e-05
388,8,NSW (1.0),1.6736423369907793e-06,0.2544478293976157,5.355655478370494e-05
389,9,NSW (1.0),1.750726305151592e-06,0.2544477523136475,5.6023241764850946e-05
390,10,NSW (1.0),2.1150401038844375e-06,0.20218229826641143,6.7681283324302e-05
391,11,NSW (1.0),2.1152892257769563e-06,0.20218229801728954,6.76892552248626e-05
392,12,NSW (1.0),0.030961016535426374,0.17122339677108894,0.990752529133644
393,13,NSW (1.0),7.531979360828886e-07,0.2544487498420166,2.4102333954652435e-05
394,14,NSW (1.0),2.150630059748784e-06,0.20218226267645556,6.882016191196109e-05
395,15,NSW (1.0),0.07587716483560107,0.12630724847091424,2.4280692747392343
396,0,NSW (0.0),0.11201066627363582,0.0,3.584341320756346
397,1,NSW (0.0),0.0,0.14335489734142015,0.0
398,2,NSW (0.0),4.1625963148729346e-05,0.14333498446609952,0.0006660154103796695
399,3,NSW (0.0),1.991205043958464e-05,0.11199075422319624,0.0006371856140667085
400,4,NSW (0.0),0.11201066627363582,0.03136594415561242,1.792170660378173
401,5,NSW (0.0),2.1962664601510548e-05,0.1119887036090343,0.0007028052672483375
402,6,NSW (0.0),0.051060255740429786,0.09229464160099037,1.6339281836937531
403,7,NSW (0.0),2.16121492862826e-05,0.11198905412434954,0.0006915887771610432
404,8,NSW (0.0),2.1713087828084622e-05,0.11198895318580773,0.0006948188104987079
405,9,NSW (0.0),2.270915464686799e-05,0.11198795711898894,0.0007266929486997757
406,10,NSW (0.0),1.3859408524692484e-05,0.14334103793289546,0.0004435010727901595
407,11,NSW (0.0),1.3862641676177722e-05,0.14334103469974396,0.0004436045336376871
408,12,NSW (0.0),0.050863697243772495,0.09249120009764766,1.6276383118007198
409,13,NSW (0.0),1.6862511629480914e-05,0.11199380376200634,0.0005396003721433892
410,14,NSW (0.0),1.4615675837560986e-05,0.1433402816655826,0.00046770162680195154
411,15,NSW (0.0),0.05062139489739694,0.0927335024440232,1.6198846367167021
412,0,Max,0.0,0.5,0.0
413,1,Max,0.0,0.5,0.0
414,2,Max,0.0,0.5,0.0
415,3,Max,0.0,0.5,0.0
416,4,Max,0.0,0.5,0.0
417,5,Max,0.0,0.5,0.0
418,6,Max,0.5,0.0,26.0
419,7,Max,0.0,0.5,0.0
420,8,Max,0.0,0.5,0.0
421,9,Max,0.0,0.5,0.0
422,10,Max,0.0,0.5,0.0
423,11,Max,0.0,0.5,0.0
424,12,Max,0.0,0.5,0.0
425,13,Max,0.0,0.5,0.0
426,14,Max,0.0,0.5,0.0
427,15,Max,0.0,0.5,0.0
428,16,Max,0.5,0.0,26.0
429,17,Max,0.0,0.5,0.0
430,18,Max,0.0,0.5,0.0
431,19,Max,0.0,0.5,0.0
432,20,Max,0.0,0.5,0.0
433,21,Max,0.0,0.5,0.0
434,22,Max,0.0,0.5,0.0
435,23,Max,0.0,0.5,0.0
436,24,Max,0.0,0.5,0.0
437,25,Max,0.0,0.5,0.0
438,0,Expo-Fair,6.133952682126055e-06,0.1604692784417908,0.0003189655394705548
439,1,Expo-Fair,0.0007157473868441824,0.15975966500762873,0.03721886411589748
440,2,Expo-Fair,0.0034891510906895533,0.15698626130378335,0.18143585671585677
441,3,Expo-Fair,0.0,0.08154809703215977,0.0
442,4,Expo-Fair,7.783734010881956e-05,0.16039757505436408,0.004047541685658617
443,5,Expo-Fair,0.0,0.08154809703215977,0.0
444,6,Expo-Fair,0.08114436509442574,0.07933104730004717,4.219506984910138
445,7,Expo-Fair,2.9861402967814305e-07,0.16047511378044324,1.552792954326344e-05
446,8,Expo-Fair,0.05819401123461845,0.023354085797541328,3.026088584200159
447,9,Expo-Fair,0.002189095560729334,0.15828631683374358,0.11383296915792536
448,10,Expo-Fair,0.0,0.08154809703215977,0.0
449,11,Expo-Fair,0.04260210250389614,0.11787330989057676,2.2153093302025995
450,12,Expo-Fair,0.0551286535026285,0.026419443529531274,2.866689982136682
451,13,Expo-Fair,0.0,0.08154809703215977,0.0
452,14,Expo-Fair,6.935581736018697e-07,0.1604747188362993,3.606502502729722e-05
453,15,Expo-Fair,0.0,0.08154809703215977,0.0
454,16,Expo-Fair,0.08154809703215977,0.0,4.240501045672308
455,17,Expo-Fair,0.07563969191209378,0.00590840512006599,3.9332639794288764
456,18,Expo-Fair,0.00013994476983620994,0.1603354676246367,0.007277128031482917
457,19,Expo-Fair,3.406578409924009e-07,0.16047507173663192,1.7714207731604843e-05
458,20,Expo-Fair,0.0,0.08154809703215977,0.0
459,21,Expo-Fair,5.085061138727367e-06,0.08154301197102105,0.00026442317921382305
460,22,Expo-Fair,3.4739770848365655e-07,0.16047506499676442,1.806468084115014e-05
461,23,Expo-Fair,1.3143477452294669e-06,0.1604740980467277,6.834608275193227e-05
462,24,Expo-Fair,0.0007287882983053462,0.15974662409616758,0.037896991511878
463,25,Expo-Fair,0.04080654029310526,0.04074155673905452,2.1219400952414733
464,0,NSW (1.0),0.00010359232727296979,0.16641966446294662,0.005386801018194429
465,1,NSW (1.0),0.0001060437897625097,0.1664172130004571,0.005514277067650505
466,2,NSW (1.0),0.0001039998382504155,0.16641925695196919,0.005407991589021606
467,3,NSW (1.0),0.00012003804720757496,0.07876523637043627,0.0062419784547938974
468,4,NSW (1.0),0.00010365600193847599,0.1664196007882811,0.005390112100800751
469,5,NSW (1.0),0.00011119014392615876,0.07877408427371768,0.005781887484160256
470,6,NSW (1.0),0.08422549131615173,0.08229776547406786,4.37972554843989
471,7,NSW (1.0),0.0001035854078577065,0.16641967138236188,0.005386441208600738
472,8,NSW (1.0),0.056364849361294087,0.022520425056349755,2.9309721667872926
473,9,NSW (1.0),0.00011922430083582604,0.16640403248938376,0.006199663643462954
474,10,NSW (1.0),4.2249783385271495e-06,0.07888104943930531,0.00021969887360341175
475,11,NSW (1.0),0.044386775665399586,0.12213648112482,2.308112334600778
476,12,NSW (1.0),0.05341352261684038,0.02547175180080346,2.7775031760756996
477,13,NSW (1.0),0.00011064330868347749,0.07877463110896037,0.005753452051540829
478,14,NSW (1.0),0.0001035862733472686,0.16641967051687231,0.005386486214057967
479,15,NSW (1.0),0.00010112112706197846,0.07878415329058186,0.005258298607222879
480,16,NSW (1.0),0.07888527441764384,0.0,4.102034269717479
481,17,NSW (1.0),0.07318383942415956,0.005701434993484286,3.8055596500562965
482,18,NSW (1.0),0.00010378789596302294,0.16641946889425657,0.005396970590077193
483,19,NSW (1.0),0.00010347555171713446,0.16641978123850246,0.005380728689290991
484,20,NSW (1.0),0.00010956531212617557,0.07877570910551766,0.00569739623056113
485,21,NSW (1.0),0.00011117838104204995,0.07877409603660179,0.005781275814186597
486,22,NSW (1.0),0.00010279456701225299,0.16642046222320733,0.0053453174846371555
487,23,NSW (1.0),0.00010358627308452723,0.16641967051713508,0.005386486200395416
488,24,NSW (1.0),0.000106464680620635,0.16641679210959895,0.00553616339227302
489,25,NSW (1.0),0.052863058017570366,0.026022216400073475,2.748879016913659
490,0,NSW (0.0),2.0990589611244262e-05,0.14188001588175037,0.0010915106597847017
491,1,NSW (0.0),0.1419010064713616,0.0,7.378852336510803
492,2,NSW (0.0),2.0621143920591127e-05,0.14188038532744102,0.0010722994838707385
493,3,NSW (0.0),0.06266523544250643,0.0,3.2585922430103342
494,4,NSW (0.0),2.133854074894057e-05,0.14187966793061269,0.0011096041189449096
495,5,NSW (0.0),1.8023838832413103e-05,0.06264721160367402,0.0009372396192854814
496,6,NSW (0.0),0.03461072391164959,0.10729028255971201,1.7997576434057787
497,7,NSW (0.0),2.0858287739061516e-05,0.14188014818362255,0.0010846309624311988
498,8,NSW (0.0),0.04335386923593435,0.019311366206572082,2.2544012002685863
499,9,NSW (0.0),0.04468397529026368,0.09721703118109792,2.3235667150937114
500,10,NSW (0.0),0.043345161334106826,0.01932007410839961,2.253948389373555
501,11,NSW (0.0),0.03463788531624594,0.10726312115511567,1.8011700364447887
502,12,NSW (0.0),0.04335560140024124,0.019309634042265197,2.2544912728125444
503,13,NSW (0.0),1.7786220191879076e-05,0.06264744922231455,0.0009248834499777119
504,14,NSW (0.0),2.0863938542194777e-05,0.14188014253281941,0.0010849248041941283
505,15,NSW (0.0),1.5871650721606083e-05,0.06264936379178483,0.0008253258375235163
506,16,NSW (0.0),0.04334599071295617,0.019319244729550267,2.2539915170737204
507,17,NSW (0.0),0.043347456723419116,0.019317778719087318,2.254067749617794
508,18,NSW (0.0),2.1755696202080097e-05,0.14187925077515953,0.001131296202508165
509,19,NSW (0.0),2.084056091678709e-05,0.14188016591044483,0.0010837091676729285
510,20,NSW (0.0),1.7569228047769803e-05,0.06264766621445866,0.0009135998584840297
511,21,NSW (0.0),1.792852143665591e-05,0.06264730692106978,0.0009322831147061072
512,22,NSW (0.0),2.073138228963075e-05,0.14188027508907197,0.0010780318790607989
513,23,NSW (0.0),2.0869275163390157e-05,0.1418801371961982,0.0010852023084962881
514,24,NSW (0.0),0.13948406937148697,0.0024169370998746442,7.253171607317322
515,25,NSW (0.0),0.04334550111674536,0.019319734325761076,2.2539660580707586
516,0,Max,0.0,0.5,0.0
517,1,Max,0.5,0.0,36.0
518,2,Max,0.0,0.5,0.0
519,3,Max,0.0,0.5,0.0
520,4,Max,0.0,0.5,0.0
521,5,Max,0.0,0.5,0.0
522,6,Max,0.0,0.5,0.0
523,7,Max,0.0,0.5,0.0
524,8,Max,0.0,0.5,0.0
525,9,Max,0.0,0.5,0.0
526,10,Max,0.0,0.5,0.0
527,11,Max,0.0,0.5,0.0
528,12,Max,0.0,0.5,0.0
529,13,Max,0.0,0.5,0.0
530,14,Max,0.0,0.5,0.0
531,15,Max,0.0,0.5,0.0
532,16,Max,0.0,0.5,0.0
533,17,Max,0.0,0.5,0.0
534,18,Max,0.0,0.5,0.0
535,19,Max,0.0,0.5,0.0
536,20,Max,0.0,0.5,0.0
537,21,Max,0.0,0.5,0.0
538,22,Max,0.0,0.5,0.0
539,23,Max,0.0,0.5,0.0
540,24,Max,0.0,0.5,0.0
541,25,Max,0.0,0.5,0.0
542,26,Max,0.0,0.5,0.0
543,27,Max,0.0,0.5,0.0
544,28,Max,0.0,0.5,0.0
545,29,Max,0.0,0.5,0.0
546,30,Max,0.0,0.5,0.0
547,31,Max,0.0,0.5,0.0
548,32,Max,0.0,0.5,0.0
549,33,Max,0.0,0.5,0.0
550,34,Max,0.0,0.5,0.0
551,35,Max,0.0,0.5,0.0
552,0,Expo-Fair,2.5115084290161454e-07,0.1760568187196483,1.8082860688916246e-05
553,1,Expo-Fair,0.21154577860234972,0.0,15.23129605936918
554,2,Expo-Fair,0.0013563395364616473,0.21018943906588808,0.0976564466252386
555,3,Expo-Fair,0.05311677486182614,0.15842900374052357,3.824407790051482
556,4,Expo-Fair,0.08786343709701462,0.08819363277347657,6.3261674709850535
557,5,Expo-Fair,0.000911630404752167,0.21063414819759754,0.06563738914215603
558,6,Expo-Fair,0.0018660003150188869,0.20967977828733084,0.13435202268135987
559,7,Expo-Fair,2.9752287198383964e-07,0.1760567723476192,2.1421646782836457e-05
560,8,Expo-Fair,0.0,0.1760570698704912,0.0
561,9,Expo-Fair,0.003821918561562601,0.2077238600407871,0.2751781364325073
562,10,Expo-Fair,0.0003543939082436086,0.21119138469410612,0.025516361393539824
563,11,Expo-Fair,1.5605695415468343e-07,0.17605691381353702,1.1236100699137207e-05
564,12,Expo-Fair,0.0,0.1760570698704912,0.0
565,13,Expo-Fair,0.034762857487805,0.17678292111454472,2.50292573912196
566,14,Expo-Fair,0.0,0.21154577860234972,0.0
567,15,Expo-Fair,0.000911630404752167,0.21063414819759754,0.06563738914215603
568,16,Expo-Fair,0.03142593481471992,0.14463113505577127,2.2626673066598344
569,17,Expo-Fair,0.0,0.1760570698704912,0.0
570,18,Expo-Fair,0.0,0.1760570698704912,0.0
571,19,Expo-Fair,0.0051633370677753535,0.20638244153457436,0.3717602688798255
572,20,Expo-Fair,0.0,0.1760570698704912,0.0
573,21,Expo-Fair,1.5998127316227658e-07,0.17605690988921802,1.1518651667683914e-05
574,22,Expo-Fair,0.015491272589233385,0.19605450601311633,1.1153716264248037
575,23,Expo-Fair,0.0,0.21154577860234972,0.0
576,24,Expo-Fair,0.0,0.1760570698704912,0.0
577,25,Expo-Fair,0.0,0.1760570698704912,0.0
578,26,Expo-Fair,0.015534763654384246,0.19601101494796547,1.1185029831156659
579,27,Expo-Fair,1.5575359298576785e-07,0.1760569141168982,1.1214258694975285e-05
580,28,Expo-Fair,1.517689378856164e-07,0.1760569181015533,1.0927363527764381e-05
581,29,Expo-Fair,0.0003245496312981745,0.21122122897105153,0.023367573453468564
582,30,Expo-Fair,0.0004077834492308107,0.2111379951531189,0.029360408344618373
583,31,Expo-Fair,0.0,0.1760570698704912,0.0
584,32,Expo-Fair,0.0051633370677753535,0.20638244153457436,0.3717602688798255
585,33,Expo-Fair,0.000911630404752167,0.21063414819759754,0.06563738914215603
586,34,Expo-Fair,0.07813116254079804,0.09792590732969315,5.625443702937459
587,35,Expo-Fair,0.00025636877726802076,0.21128940982508168,0.018458551963297497
588,0,NSW (1.0),7.724151706618773e-06,0.15101964646288107,0.0005561389228765517
589,1,NSW (1.0),0.253635402977883,0.0,18.261749014407577
590,2,NSW (1.0),6.1539458475714555e-06,0.25362924903203543,0.0004430841010251448
591,3,NSW (1.0),0.06371432081257276,0.18992108216531023,4.587431098505239
592,4,NSW (1.0),0.07538548622160268,0.075641884392985,5.427755007955393
593,5,NSW (1.0),5.86158917480629e-06,0.2536295413887082,0.00042203442058605286
594,6,NSW (1.0),6.704332498858323e-06,0.2536286986453841,0.0004827119399177993
595,7,NSW (1.0),5.6024100542851225e-06,0.1510217682045334,0.00040337352390852887
596,8,NSW (1.0),0.00794729507338598,0.1430800755412017,0.5722052452837906
597,9,NSW (1.0),9.244365534610608e-06,0.2536261586123484,0.0006655943184919639
598,10,NSW (1.0),5.639836595394222e-06,0.2536297631412876,0.000406068234868384
599,11,NSW (1.0),7.797177436387452e-06,0.1510195734371513,0.0005613967754198966
600,12,NSW (1.0),0.00794729507338598,0.1430800755412017,0.5722052452837906
601,13,NSW (1.0),0.0417452799445778,0.2118901230333052,3.005660156009602
602,14,NSW (1.0),5.351258591703825e-06,0.2536300517192913,0.0003852906186026754
603,15,NSW (1.0),5.86158917480629e-06,0.2536295413887082,0.00042203442058605286
604,16,NSW (1.0),0.04211953900657506,0.10890783160801262,3.032606808473404
605,17,NSW (1.0),0.00794729507338598,0.1430800755412017,0.5722052452837906
606,18,NSW (1.0),9.543091375858992e-06,0.15101782752321183,0.0006871025790618475
607,19,NSW (1.0),1.0890764914474289e-05,0.25362451221296856,0.0007841350738421488
608,20,NSW (1.0),0.00794729507338598,0.1430800755412017,0.5722052452837906
609,21,NSW (1.0),7.778042802453528e-06,0.15101959257178524,0.0005600190817766541
610,22,NSW (1.0),0.018885025287042473,0.23475037769084053,1.359721820667058
611,23,NSW (1.0),4.9529481188428316e-06,0.25363045002976414,0.00035661226455668387
612,24,NSW (1.0),0.00794729507338598,0.1430800755412017,0.5722052452837906
613,25,NSW (1.0),0.00794729507338598,0.1430800755412017,0.5722052452837906
614,26,NSW (1.0),0.018919823262400097,0.2347155797154829,1.362227274892807
615,27,NSW (1.0),7.793259149452145e-06,0.15101957735543822,0.0005611146587605545
616,28,NSW (1.0),1.2446744131317638e-05,0.15101492387045637,0.00089616557745487
617,29,NSW (1.0),5.608816396647855e-06,0.25362979416148634,0.0004038347805586456
618,30,NSW (1.0),5.684771177465049e-06,0.25362971820670555,0.0004093035247774836
619,31,NSW (1.0),0.00794729507338598,0.1430800755412017,0.5722052452837906
620,32,NSW (1.0),1.0890764914474289e-05,0.25362451221296856,0.0007841350738421488
621,33,NSW (1.0),5.86158917480629e-06,0.2536295413887082,0.00042203442058605286
622,34,NSW (1.0),0.06704241842279424,0.08398495219179344,4.827054126441185
623,35,NSW (1.0),5.601314174735589e-06,0.2536298016637083,0.00040329462058096244
624,0,NSW (0.0),4.474052729802994e-05,0.07436028514119707,0.003221317965458156
625,1,NSW (0.0),0.033031112146411024,0.11258248570226298,2.3782400745415937
626,2,NSW (0.0),1.1359165094436168e-05,0.14560223868357958,0.0008178598867994042
627,3,NSW (0.0),0.033076960878675496,0.11253663696999851,2.381541183264636
628,4,NSW (0.0),0.024085686737892985,0.05031933893060211,1.734169445128295
629,5,NSW (0.0),1.0446392152299131e-05,0.1456031514565217,0.0007521402349655375
630,6,NSW (0.0),1.2903819592747328e-05,0.14560069402908127,0.0009290750106778076
631,7,NSW (0.0),4.143177763295226e-05,0.07436359389086214,0.0029830879895725625
632,8,NSW (0.0),0.043386580060371785,0.031018445608123307,3.123833764346769
633,9,NSW (0.0),0.040144607569651006,0.105468990279023,2.8904117450148727
634,10,NSW (0.0),9.579944408123281e-06,0.1456040179042659,0.0006897559973848763
635,11,NSW (0.0),4.523263773788646e-05,0.07435979303075721,0.0032567499171278257
636,12,NSW (0.0),0.043386580060371785,0.031018445608123307,3.123833764346769
637,13,NSW (0.0),0.033132765483549154,0.11248083236512485,2.385559114815539
638,14,NSW (0.0),7.4415522011025416e-06,0.1456061562964729,0.000535791758479383
639,15,NSW (0.0),1.0446392152299131e-05,0.1456031514565217,0.0007521402349655375
640,16,NSW (0.0),0.02431423428301775,0.05009079138547734,1.750624868377278
641,17,NSW (0.0),0.043386580060371785,0.031018445608123307,3.123833764346769
642,18,NSW (0.0),5.143004471603791e-05,0.07435359562377905,0.0037029632195547295
643,19,NSW (0.0),0.040725600214017256,0.10488799763465675,2.9322432154092426
644,20,NSW (0.0),0.043386580060371785,0.031018445608123307,3.123833764346769
645,21,NSW (0.0),4.470930863272549e-05,0.07436031635986237,0.0032190702215562357
646,22,NSW (0.0),0.033511644569583526,0.11210195327909048,2.412838409010014
647,23,NSW (0.0),5.1384244374928125e-06,0.1456084594242365,0.0003699665594994825
648,24,NSW (0.0),0.043386580060371785,0.031018445608123307,3.123833764346769
649,25,NSW (0.0),0.043386580060371785,0.031018445608123307,3.123833764346769
650,26,NSW (0.0),0.0334858792068376,0.1121277186418364,2.410983302892307
651,27,NSW (0.0),4.50543498694125e-05,0.07435997131862568,0.0032439131905977
652,28,NSW (0.0),0.07440502566849509,0.0,5.357161848131647
653,29,NSW (0.0),9.23376311360356e-06,0.1456043640855604,0.0006648309441794563
654,30,NSW (0.0),9.97960855377519e-06,0.14560361824012022,0.0007185318158718137
655,31,NSW (0.0),0.043386580060371785,0.031018445608123307,3.123833764346769
656,32,NSW (0.0),0.040725600214017256,0.10488799763465675,2.9322432154092426
657,33,NSW (0.0),1.0446392152299131e-05,0.1456031514565217,0.0007521402349655375
658,34,NSW (0.0),0.024117937326366516,0.050287088342128576,1.7364914874983892
659,35,NSW (0.0),9.233109417545141e-06,0.14560436473925645,0.0006647838780632502
660,0,Max,0.0,0.5,0.0
661,1,Max,0.0,0.5,0.0
662,2,Max,0.0,0.5,0.0
663,3,Max,0.0,0.5,0.0
664,4,Max,0.0,0.5,0.0
665,5,Max,0.0,0.5,0.0
666,6,Max,0.0,0.5,0.0
667,7,Max,0.0,0.5,0.0
668,8,Max,0.0,0.5,0.0
669,9,Max,0.0,0.5,0.0
670,10,Max,0.0,0.5,0.0
671,11,Max,0.0,0.5,0.0
672,12,Max,0.5,0.0,26.0
673,13,Max,0.0,0.5,0.0
674,14,Max,0.0,0.5,0.0
675,15,Max,0.0,0.5,0.0
676,16,Max,0.0,0.5,0.0
677,17,Max,0.0,0.5,0.0
678,18,Max,0.0,0.5,0.0
679,19,Max,0.0,0.5,0.0
680,20,Max,0.0,0.5,0.0
681,21,Max,0.5,0.0,26.0
682,22,Max,0.0,0.5,0.0
683,23,Max,0.0,0.5,0.0
684,24,Max,0.0,0.5,0.0
685,25,Max,0.0,0.5,0.0
686,0,Expo-Fair,0.002189095560738695,0.1582863168337414,0.11383296915841212
687,1,Expo-Fair,6.93558174162595e-07,0.16047471883630593,3.606502505645494e-05
688,2,Expo-Fair,0.0,0.08154809703215812,0.0
689,3,Expo-Fair,2.9861402938108436e-07,0.1604751137804507,1.5527929527816387e-05
690,4,Expo-Fair,3.4065784167359e-07,0.1604750717366384,1.771420776702668e-05
691,5,Expo-Fair,0.0,0.08154809703215812,0.0
692,6,Expo-Fair,0.0,0.08154809703215812,0.0
693,7,Expo-Fair,3.4739770903850204e-07,0.16047506499677106,1.8064680870002104e-05
694,8,Expo-Fair,5.0850611385262955e-06,0.0815430119710196,0.00026442317920336733
695,9,Expo-Fair,0.0007157473868538764,0.15975966500762623,0.03721886411640157
696,10,Expo-Fair,0.0,0.08154809703215812,0.0
697,11,Expo-Fair,0.0408065402931319,0.04074155673902622,2.121940095242859
698,12,Expo-Fair,0.08114436509443045,0.07933104730004965,4.219506984910383
699,13,Expo-Fair,0.00013994476984588837,0.16033546762463421,0.007277128031986195
700,14,Expo-Fair,0.05819401123461878,0.023354085797539344,3.0260885842001763
701,15,Expo-Fair,0.0007287882983147046,0.15974662409616538,0.037896991512364635
702,16,Expo-Fair,6.133952682482146e-06,0.16046927844179762,0.0003189655394890716
703,17,Expo-Fair,7.783734011780536e-05,0.1603975750543623,0.004047541686125878
704,18,Expo-Fair,0.07563969191209213,0.00590840512006599,3.9332639794287907
705,19,Expo-Fair,0.055128653502624525,0.0264194435295336,2.8666899821364753
706,20,Expo-Fair,0.04260210250390245,0.11787330989057765,2.215309330202927
707,21,Expo-Fair,0.08154809703215812,0.0,4.2405010456722225
708,22,Expo-Fair,0.003489151090697953,0.15698626130378215,0.18143585671629353
709,23,Expo-Fair,0.0,0.08154809703215812,0.0
710,24,Expo-Fair,1.3143477460370815e-06,0.16047409804673407,6.834608279392823e-05
711,25,Expo-Fair,0.0,0.08154809703215812,0.0
712,0,NSW (1.0),0.00011921212693031215,0.16640387378008129,0.006199030600376232
713,1,NSW (1.0),0.0001035741269370343,0.16641951178007455,0.005385854600725783
714,2,NSW (1.0),0.00011062485275724202,0.07877448859255136,0.005752492343376585
715,3,NSW (1.0),0.00010357326138765657,0.16641951264562393,0.005385809592158141
716,4,NSW (1.0),0.00010346308918438576,0.1664196228178272,0.005380080637588059
717,5,NSW (1.0),0.00010954743772199794,0.0787755660075866,0.005696466761543893
718,6,NSW (1.0),0.00010110267704773748,0.07878401076826086,0.005257339206482348
719,7,NSW (1.0),0.00010277958505963866,0.16642030632195196,0.00534453842310121
720,8,NSW (1.0),0.00011116061633942946,0.07877395282896918,0.0057803520496503315
721,9,NSW (1.0),0.00010603164206887085,0.16641705426494272,0.005513645387581284
722,10,NSW (1.0),0.00012002026099042817,0.07876509318431818,0.006241053571502265
723,11,NSW (1.0),0.052862656850976214,0.026022456594332388,2.748858156250763
724,12,NSW (1.0),0.08422531306537552,0.08229777284163607,4.379716279399527
725,13,NSW (1.0),0.0001037757495825839,0.166419310157429,0.005396338978294363
726,14,NSW (1.0),0.0563648393111356,0.022520274134173,2.9309716441790514
727,15,NSW (1.0),0.00010645253182430525,0.16641663337518728,0.005535531654863872
728,16,NSW (1.0),0.00010358018084427417,0.16641950572616732,0.005386169403902257
729,17,NSW (1.0),0.00010364385563775895,0.16641944205137382,0.005389480493163465
730,18,NSW (1.0),0.07318375522994586,0.005701358215362745,3.8055552719571843
731,19,NSW (1.0),0.05341350239084981,0.02547161105445879,2.77750212432419
732,20,NSW (1.0),0.04438675213990317,0.12213633376710842,2.3081111112749646
733,21,NSW (1.0),0.0788851134453086,0.0,4.102025899156047
734,22,NSW (1.0),0.00010398769023700925,0.16641909821677459,0.00540735989232448
735,23,NSW (1.0),0.00011117237922256935,0.07877394106608604,0.005780963719573606
736,24,NSW (1.0),0.00010357412668732881,0.16641951178032427,0.005385854587741098
737,25,NSW (1.0),4.26397803755063e-06,0.07888084946727106,0.00022172685795263274
738,0,NSW (0.0),0.04468395332209043,0.0972198756979441,2.323565572748702
739,1,NSW (0.0),2.0847672645091162e-05,0.14188298134738944,0.0010840789775447403
740,2,NSW (0.0),1.776333707520033e-05,0.06264745600684589,0.0009236935279104172
741,3,NSW (0.0),2.0842021303985555e-05,0.14188298699873056,0.0010837851078072487
742,4,NSW (0.0),2.0824398472877042e-05,0.14188300462156167,0.001082868720589606
743,5,NSW (0.0),1.7546687505216136e-05,0.06264767265641588,0.000912427750271239
744,6,NSW (0.0),1.5849895518803504e-05,0.06264936944840228,0.0008241945669777822
745,7,NSW (0.0),2.0714391176274412e-05,0.14188311462885828,0.0010771483411662693
746,8,NSW (0.0),1.7905684441540667e-05,0.06264731365947955,0.0009310955909601147
747,9,NSW (0.0),0.14190382902003454,0.0,7.3789991090417955
748,10,NSW (0.0),0.0626652193439211,0.0,3.2585914058838967
749,11,NSW (0.0),0.04334551861040193,0.019319700733519164,2.2539669677409004
750,12,NSW (0.0),0.03461075612081965,0.10729307289921489,1.799759318282622
751,13,NSW (0.0),2.173942645512878e-05,0.1418820895935794,0.0011304501756666963
752,14,NSW (0.0),0.043353951904028194,0.0193112674398929,2.254405499009466
753,15,NSW (0.0),0.13948126003766723,0.0024225689823673124,7.253025521958695
754,16,NSW (0.0),2.097432382407834e-05,0.14188285469621045,0.0010906648388520736
755,17,NSW (0.0),2.1322274902943024e-05,0.1418825067451316,0.001108758294953037
756,18,NSW (0.0),0.04334738579722694,0.019317833546694155,2.2540640614558005
757,19,NSW (0.0),0.043355746224271616,0.01930947311964948,2.254498803662124
758,20,NSW (0.0),0.03463785759298848,0.10726597142704605,1.8011685948354008
759,21,NSW (0.0),0.04334595037222569,0.019319268971695405,2.2539894193557357
760,22,NSW (0.0),2.0604882235614968e-05,0.1418832241377989,0.0010714538762519783
761,23,NSW (0.0),1.8001001914763835e-05,0.06264721834200633,0.0009360520995677193
762,24,NSW (0.0),2.0853009278085212e-05,0.14188297601075645,0.001084356482460431
763,25,NSW (0.0),0.04334512119812012,0.019320098145800976,2.253946302302246
764,0,Max,0.0,0.5,0.0
765,1,Max,0.0,0.5,0.0
766,2,Max,0.0,0.5,0.0
767,3,Max,0.0,0.5,0.0
768,4,Max,0.0,0.5,0.0
769,5,Max,0.0,0.5,0.0
770,6,Max,0.0,0.5,0.0
771,7,Max,0.5,0.0,21.0
772,8,Max,0.0,0.5,0.0
773,9,Max,0.0,0.5,0.0
774,10,Max,0.0,0.5,0.0
775,11,Max,0.0,0.5,0.0
776,12,Max,0.0,0.5,0.0
777,13,Max,0.0,0.5,0.0
778,14,Max,0.0,0.5,0.0
779,15,Max,0.0,0.5,0.0
780,16,Max,0.0,0.5,0.0
781,17,Max,0.0,0.5,0.0
782,18,Max,0.0,0.5,0.0
783,19,Max,0.0,0.5,0.0
784,20,Max,0.0,0.5,0.0
785,0,Expo-Fair,0.0,0.24173999939985252,0.0
786,1,Expo-Fair,0.015008693322695624,0.311578734101505,0.6303651195532163
787,2,Expo-Fair,0.0,0.24173999939985252,0.0
788,3,Expo-Fair,0.0034190388639422048,0.3231683885602584,0.1435996322855726
789,4,Expo-Fair,0.0003433838182028238,0.3262440436059978,0.014422120364518601
790,5,Expo-Fair,0.0,0.24173999939985252,0.0
791,6,Expo-Fair,0.00019440946688185922,0.32639301795731873,0.008165197609038088
792,7,Expo-Fair,0.24173999939985252,0.0,10.153079974793807
793,8,Expo-Fair,8.902390632208328e-09,0.2417399904974619,3.739004065527498e-07
794,9,Expo-Fair,0.0,0.24173999939985252,0.0
795,10,Expo-Fair,0.1867652499788265,0.05497474942102604,7.844140499110713
796,11,Expo-Fair,0.0,0.24173999939985252,0.0
797,12,Expo-Fair,0.016092326166114758,0.3104951012580858,0.6758776989768198
798,13,Expo-Fair,0.01855273174224273,0.30803469568195785,0.7792147331741947
799,14,Expo-Fair,0.0001227865575338512,0.32646464086666677,0.00515703541642175
800,15,Expo-Fair,0.0,0.24173999939985252,0.0
801,16,Expo-Fair,0.0,0.24173999939985252,0.0
802,17,Expo-Fair,0.002631310364767361,0.3239561170594332,0.11051503532022916
803,18,Expo-Fair,0.0,0.24173999939985252,0.0
804,19,Expo-Fair,0.07149481677512753,0.170245182624725,3.0027823045553568
805,20,Expo-Fair,0.0627126880060485,0.2638747394181521,2.633932896254037
806,0,NSW (1.0),0.019602781813831897,0.19744652040871535,0.8233168361809398
807,1,NSW (1.0),0.018009358068485064,0.33930404563967637,0.7563930388763728
808,2,NSW (1.0),2.249146421566924e-05,0.21702681075833158,0.0009446414970581081
809,3,NSW (1.0),2.591032115973503e-05,0.3572874933870017,0.0010882334887088714
810,4,NSW (1.0),1.781355768227451e-05,0.3572955901504792,0.0007481694226555294
811,5,NSW (1.0),2.2400763901256635e-05,0.217026901458646,0.0009408320838527787
812,6,NSW (1.0),1.7842936996209978e-05,0.35729556077116525,0.0007494033538408191
813,7,NSW (1.0),0.21704930222254726,0.0,9.116070693346986
814,8,NSW (1.0),0.009050278321877013,0.20799902390067024,0.38011168951883456
815,9,NSW (1.0),2.2636006867809223e-05,0.21702666621567945,0.0009507122884479874
816,10,NSW (1.0),0.16769446359801815,0.04935483862452911,7.043167471116763
817,11,NSW (1.0),2.2400763901256635e-05,0.217026901458646,0.0009408320838527787
818,12,NSW (1.0),0.019039478488324775,0.3382739252198367,0.7996580965096406
819,13,NSW (1.0),0.021649621096800804,0.33566378261136065,0.9092840860656338
820,14,NSW (1.0),1.7798362569825794e-05,0.3572956053455916,0.0007475312279326834
821,15,NSW (1.0),2.2400763901256635e-05,0.217026901458646,0.0009408320838527787
822,16,NSW (1.0),2.1489907559078366e-05,0.2170278123149882,0.0009025761174812914
823,17,NSW (1.0),2.272278949593657e-05,0.3572906809186655,0.0009543571588293359
824,18,NSW (1.0),2.2400763901256635e-05,0.217026901458646,0.0009408320838527787
825,19,NSW (1.0),0.08614378293380774,0.1309055192887395,3.6180388832199255
826,20,NSW (1.0),0.07086180920348156,0.2864515945046799,2.9761959865462257
827,0,NSW (0.0),0.08160514959382502,0.010390155471339105,3.427416282940651
828,1,NSW (0.0),0.034291850418518954,0.17888915367682162,1.4402577175777962
829,2,NSW (0.0),0.0,0.09199530506516412,0.0
830,3,NSW (0.0),0.03981055761482241,0.17337044648051816,1.6720434198225413
831,4,NSW (0.0),1.1104322606152754e-05,0.21316989977273443,0.0004663815494584157
832,5,NSW (0.0),2.7109777987998685e-07,0.09199503396738425,1.1386106754959448e-05
833,6,NSW (0.0),1.1383984497736988e-05,0.21316962011084284,0.0004781273489049535
834,7,NSW (0.0),0.08160008505903213,0.010395220006131994,3.4272035724793497
835,8,NSW (0.0),0.08159507795925827,0.010400227105905852,3.4269932742888476
836,9,NSW (0.0),6.635287472111328e-07,0.09199464153641691,2.7868207382867577e-05
837,10,NSW (0.0),0.08160353894318716,0.010391766121976967,3.427348635613861
838,11,NSW (0.0),2.7109777987998685e-07,0.09199503396738425,1.1386106754959448e-05
839,12,NSW (0.0),0.03417096052898254,0.17901004356635802,1.4351803422172666
840,13,NSW (0.0),0.03406731707793374,0.17911368701740682,1.4308273172732173
841,14,NSW (0.0),1.1167767860399615e-05,0.21316983632748018,0.0004690462501367838
842,15,NSW (0.0),2.7109777987998685e-07,0.09199503396738425,1.1386106754959448e-05
843,16,NSW (0.0),0.0,0.09199530506516412,0.0
844,17,NSW (0.0),0.07369840704138644,0.13948259705395413,3.095333095738231
845,18,NSW (0.0),2.7109777987998685e-07,0.09199503396738425,1.1386106754959448e-05
846,19,NSW (0.0),0.08160306575115349,0.010392239314010634,3.4273287615484467
847,20,NSW (0.0),0.03366902556987381,0.17951197852546677,1.4140990739347001
848,0,Max,0.0,0.5,0.0
849,1,Max,0.0,0.5,0.0
850,2,Max,0.0,0.5,0.0
851,3,Max,0.0,0.5,0.0
852,4,Max,0.0,0.5,0.0
853,5,Max,0.0,0.5,0.0
854,6,Max,0.0,0.5,0.0
855,7,Max,0.0,0.5,0.0
856,8,Max,0.0,0.5,0.0
857,9,Max,0.0,0.5,0.0
858,10,Max,0.0,0.5,0.0
859,11,Max,0.0,0.5,0.0
860,12,Max,0.0,0.5,0.0
861,13,Max,0.0,0.5,0.0
862,14,Max,0.0,0.5,0.0
863,15,Max,0.0,0.5,0.0
864,0,Expo-Fair,1.8351394922698458e-06,0.22773938107140934,5.8724463752635064e-05
865,1,Expo-Fair,0.0093083835446917,0.2129701339310877,0.2978682734301344
866,2,Expo-Fair,0.001237633774770671,0.22104088370100874,0.03960428079266147
867,3,Expo-Fair,0.03482709152635406,0.19291412468454755,1.11446692884333
868,4,Expo-Fair,0.0,0.22227851747577942,0.0
869,5,Expo-Fair,0.00931021868418397,0.21843099752671763,0.14896349894694352
870,6,Expo-Fair,0.011706188925408683,0.21603502728549293,0.37459804561307786
871,7,Expo-Fair,1.6381613791059907e-06,0.2277395780495225,5.2421164131391704e-05
872,8,Expo-Fair,0.01840518236173402,0.2038733351140454,0.5889658355754886
873,9,Expo-Fair,0.0,0.22227851747577942,0.0
874,10,Expo-Fair,1.7956597719308544e-06,0.22773942055112967,5.746111270178734e-05
875,11,Expo-Fair,0.001782030717403302,0.22049648675837613,0.05702498295690566
876,12,Expo-Fair,0.08546303505362784,0.14227818115727375,2.734817121716091
877,13,Expo-Fair,1.7970367507443273e-06,0.22773941917415086,5.750517602381847e-05
878,14,Expo-Fair,0.0,0.22227851747577942,0.0
879,15,Expo-Fair,0.0011415674169306686,0.22659964879397093,0.018265078670890698
880,0,NSW (1.0),0.009412329068708007,0.19277210238698578,0.3011945301986562
881,1,NSW (1.0),3.109492391595133e-07,0.2544491958397312,9.950375653104426e-06
882,2,NSW (1.0),1.7488870250076239e-06,0.2544477579019453,5.5964384800243964e-05
883,3,NSW (1.0),0.03096101840181586,0.17122341305387792,0.9907525888581076
884,4,NSW (1.0),1.3137636762245162e-06,0.2544481930252941,4.204043763918452e-05
885,5,NSW (1.0),0.009412640017947166,0.24503898243083516,0.15060224028715466
886,6,NSW (1.0),0.021585462525837838,0.18059896892985594,0.6907348008268108
887,7,NSW (1.0),2.1506988767801145e-06,0.20218228075681702,6.882236405696367e-05
888,8,NSW (1.0),7.530429039000902e-07,0.2544487537460664,2.4097372924802885e-05
889,9,NSW (1.0),1.5794475182799512e-06,0.25444792734145205,5.054232058495844e-05
890,10,NSW (1.0),2.1156598120258377e-06,0.20218231579588175,6.770111398482681e-05
891,11,NSW (1.0),1.6729621663648977e-06,0.25444783382680397,5.3534789323676725e-05
892,12,NSW (1.0),0.07587718109582627,0.1263072503598675,2.4280697950664405
893,13,NSW (1.0),2.115413400238503e-06,0.20218231604229356,6.769322880763209e-05
894,14,NSW (1.0),1.6330115522866936e-06,0.25444787377741807,5.2256369673174195e-05
895,15,NSW (1.0),4.6033508193666325e-06,0.25444701909796297,7.365361310986612e-05
896,0,NSW (0.0),0.0,0.14335462310642802,0.0
897,1,NSW (0.0),0.1120106511694248,0.0,3.5843408374215935
898,2,NSW (0.0),2.2692128170963035e-05,0.11198795904125383,0.0007261481014708171
899,3,NSW (0.0),0.050863703476806736,0.09249091962962128,1.6276385112578156
900,4,NSW (0.0),1.9895064341933523e-05,0.11199075610508286,0.0006366420589418727
901,5,NSW (0.0),0.1120106511694248,0.03136566800016505,1.7921704187107967
902,6,NSW (0.0),0.05106026434744044,0.09229435875898759,1.633928459118094
903,7,NSW (0.0),1.4597772495375679e-05,0.14334002533393264,0.0004671287198520217
904,8,NSW (0.0),1.6844716277487582e-05,0.11199380645314731,0.0005390309208796026
905,9,NSW (0.0),2.159382241851007e-05,0.11198905734700629,0.0006910023173923222
906,10,NSW (0.0),1.3844713398286192e-05,0.14334077839302972,0.00044303082874515813
907,11,NSW (0.0),2.1696063161812844e-05,0.11198895510626299,0.000694274021178011
908,12,NSW (0.0),0.0506213533188332,0.09273326978759483,1.6198833062026623
909,13,NSW (0.0),1.3841389381614151e-05,0.1433407817170464,0.00044292446021165283
910,14,NSW (0.0),2.1945449341642644e-05,0.11198870572008315,0.0007022543789325646
911,15,NSW (0.0),4.159104752510458e-05,0.14333472812206474,0.0006654567604016733
